R,username
0,misBadrloo
1,elevator_zangi
2,Sadati_ZagrosTeam
3,zagroscontrolmashhad
4,Zendegi3s
5,abdi_zohreh
6,Z_hossine910
7,AFA_ElevatoR
8,Zahedimasoud
9,mzaderostam
10,R5B77
11,Moslem6427
12,hoosin_yosf_zade
13,Alimonazahii
14,zendegani007
15,AMAZ9765
16,Eshgddd
17,Bgiii
18,ZarinKolahi
19,King_ziro1994
20,Barandeyezendegi
21,hamid_ziaeipour
22,zotroff
23,M0RTEZA23
24,Znasrollahpoor
25,A_L_Z_N
26,alibafghi
27,yazdan17000
28,Behnam_z8946
29,ZapUser9978498348
30,reza_zagooni
31,Hmr34
32,Saeedzadhosein
33,Saeedzex
34,nima65_z
35,M_a_h_8_7
36,ha000za
37,Mr_zahmatkesh
38,Hrt2015
39,hrz1988
40,Morteza7asn
41,JavaheriZarringhalam
42,Behnamzangeneh
43,Reza1356sh
44,Azaxazavv
45,Hamid_Zargarpour
46,zobefelezatRezaeiii
47,Qazvin_zagros
48,Ya_zahra_313_313
49,Morteza6661
50,kabinarshia_zolghadr
51,Victor_zaz
52,Defender_shrine_of_Sayida_Zaynab
53,ZargarErshadi
54,Zane99
55,zare_6074
56,HamidRezaFighter
57,SZ8504
58,Z_Alizadeh97
59,zirbat
60,sa_zarngare
61,amirrezazehtabchi
62,majidziadkhanpour
63,Mohammadreza_zehtabzadeh
64,Zakzakerii
65,Nzare
66,zerro21
67,hza1986
68,Alef_z
69,Zomorrodiconstruction
70,smshayeri
71,Zahras_272727
72,zare3344
73,a_zainali
74,yadegar1984
75,Yoossefff
76,yousof_shabani
77,behnamyazdani777
78,Sainayasobi
79,Yousef_rostami_arzanagh
80,Yaselevator
81,yxadmin
82,yazarluo
83,Amiryalafshar
84,Majidyariii
85,yaranlift
86,AY9798995
87,yahyakhosravi
88,M_you1020
89,Yedoone_6
90,F_qasedak1
91,Yekdoon6
92,Asgaryosefi
93,yazdan123456789
94,Yasin_shakeri
95,Yari002
96,sahab1367
97,mahdi_ys_ins
98,khani_y
99,Azad66you
100,araliya1988
101,KamyR_yazdani
102,yasr_h_m
103,maajjiiiidd
104,yuo3fi
105,yakamozz_m
106,You3u
107,F_yousefi27
108,yasiOmajid
109,yaldabanoo1
110,radmany
111,yaku007
112,Yedone1
113,yasser58
114,yousefpa
115,Marageh
116,behzadyavari
117,EngTssco
118,ram_7462
119,rmalb
120,Yasmin222
121,Yaghmaeee
122,yvr_bvr
123,SAMYAR_33
124,Yasin98
125,soheiltalai
126,Yashar7917
127,Mahmoodyahai
128,yasermomeni
129,AYargholi
130,yosef2012
131,yaserhaghjou
132,saeed19891989
133,Yasserjavadi
134,MR_yazdan_MS
135,Yu30y
136,Yeravan_1980
137,yousef_bahramii
138,unespeyman
139,YuNuS_Kh
140,Nobeliran
141,Yasinbeyk
142,MECYR
143,Yashafy110
144,Shahram_yari
145,mohamadhossein110
146,bazi_yas
147,nyekta_tavrizh
148,Xyars
149,XAMINEAK
150,Aliyan_admin
151,xsvmiinx
152,Ravanlift
153,Wolftab041
154,selcom_wittur
155,Ali_wolf_1379
156,Tirtaff_UPVC
157,Wqrru
158,Worldbehrouz
159,Wildlove1
160,wollf59
161,hosseinalmas
162,Woodideall
163,Karshive_co
164,SHILER_ASANBAR
165,redronic
166,wmiR_mhbiw
167,AfraDezhRastin
168,Vafa_AB
169,sattar_v_j
170,Rad636
171,vahidmalakooti
172,Vahidparsa00
173,Rad6363
174,Ashkan_fadaiii
175,Miladvafaeie
176,vahidmokhtarpor
177,vahiiidjavaaaan
178,Maven990
179,CptVpR
180,AMIR9290
181,Arvinyadak09125490321
182,violet0077
183,davood630
184,Tkrsg
185,vahidmard
186,vurujaak1372
187,vahidhss
188,rv8416
189,Vahidsaboori
190,V_Jafari
191,mohsen0m
192,asansorig
193,Ali_valinejad
194,vakiliph
195,Vazrik1
196,A_valagohar
197,valiente1991
198,Vaheaboolian
199,Sorooshshahdoosti
200,hasan_vakilazari
201,tah_tahm
202,Im4nZr
203,Vahid_Akhondii
204,J0Vakili
205,vahid_rafiei
206,vahidraein
207,VahidShokouhi9
208,vahidmirzaei3365
209,Vhajimahdi
210,vahidmj20
211,Vahid_arj61169
212,Shahramf2
213,llilp
214,Varesvazirian
215,GholizadehVahid
216,pejmanvaseghi
217,vvvvvahiddddd
218,Voodoo_212
219,asansor_mad_vakili
220,Hamed_V_6868
221,mostava77
222,Mysam_valii
223,V131112
224,vahidtahmasebii
225,validoosty
226,vahid131313
227,Vahid7560
228,vvcctt
229,Vahidghalandar
230,Prince_ayda
231,Batman1605
232,Amirvafaee94
233,vhd2svl
234,Vahidkolani
235,Masoud_vii
236,Vistatoseebana
237,Vahidfarhangivala
238,vahidelebator
239,Vahhhhidd
240,Ali_upc
241,az_uosef
242,User21716
243,u333333f
244,Ultrasonicpeneumaticabed
245,Musaaaavi
246,K1_urm
247,uraltradeing
248,Amin9Us
249,UPS_Foursatkish
250,Mohammad_tekiyeh
251,Tamadoni_mostafa
252,mehdi_teymoorii
253,TiRonex
254,Technicalservices_owj
255,HAMEDTABAEII
256,Cabiin_taak
257,Technoo_light
258,KABiN_TAK
259,Mehdi_talebi50
260,iranwire_tool
261,aselec_50
262,tallboooy
263,asansor_tabriz_ift
264,Tennissam
265,Amirtt313
266,abolfazl_tas
267,TissLift
268,h_t6369
269,tehranflexible_co
270,Tayersali
271,Taslimi_carpeat
272,ragnar_tattoo
273,TaherSadeghpoor
274,Reza6392
275,Erfan_tazehkandi
276,Mt_karimi
277,Td1111
278,sangenoo
279,M_t6069
280,Mehditavakol63
281,Tstonlinetst
282,Topkanloo1467
283,Naser_TaghizadehB
284,Dashti129
285,taj0728
286,peymannnnn6
287,AbbasTorabi86
288,Tiyamlift
289,Karim_tahmaseb
290,tiffanyjewellery
291,Saeid_Tavanafar
292,Tmasoud92
293,ArashTalebian
294,Tahamtan_r
295,Iman_te59
296,hasan_t_274
297,Teletechnic2
298,majid_akhavan_tabasi
299,Palse_technic_elevator
300,alitaghinejad
301,Tashrifat_day
302,TopControl
303,Amirtehranig
304,H_Tavakolian
305,Ramyar_t
306,faridtabesh
307,hadypournamdar2
308,tsiran
309,Tabloosazii
310,Ta0671
311,sasantb
312,mamstousi
313,soheil_mrta
314,Demon7777
315,tabligh_online11
316,taktak1390
317,Tofigh20
318,Tabassy
319,HOSSEINSOLTANI_GH
320,Tandisasanso
321,Tabandeh_elevator
322,Parsa_Teletechnic
323,Behzad313s
324,Parnian_ta
325,MMisaghT
326,Hamiiiiiiiiiiid74taherkhani
327,Anit_tehran
328,H_Tourani
329,bahramtorki12
330,tashtgar
331,Torkamani62
332,paartradingsale
333,Hirkanasan
334,Tadvengar5600110022
335,mohammad_tpm
336,ToAPhoenix
337,Takmil_iMedical
338,habibtakmil
339,Mh_tafaghodi
340,Tiyam0830
341,tattoo_tank
342,Sat_tu
343,tajikali1
344,Taheri_TMU
345,OkOk_ToKhub
346,artaco
347,T_pazhoohan
348,total_asansor
349,Alitaheri35
350,Mahsa_Torabi
351,amirt3602
352,Parsatehrani
353,masoudtamjidii
354,TermeShabbou1994
355,Ashkan_taheri90
356,Peymantabrizi
357,Taghikhani62
358,newface7
359,fezzati63
360,Alitakkta
361,iFicAnsPeEkSoucAnliSEn
362,Tiger7127
363,Ap_Taravat
364,Mohamad1995t
365,Taheritaha125
366,Tuba137517
367,management57
368,souroshazadi_2080
369,Saharebrahimi
370,shahabhabibiii
371,Seraj1364
372,shafaqgostar
373,Sourenaazari
374,saeed_lift_co
375,sarzaminbahar
376,SayyedFaxraddinNabavi
377,Safdaryj
378,ali_sepehri_alavator
379,sarvkish
380,Saeidhn5
381,fariborz_salimi
382,Saeed1250
383,Shirzad_mehrabi
384,Sepehr1133
385,sirrmohsen
386,Sadeghi8899
387,Sia14937
388,saeednaghavi1712
389,smho8431
390,Sadaf_sun67
391,Shim_oil
392,sivanelevator
393,SimaAccountants
394,asanbarseyedi0627
395,mirzaee3858
396,del_sam
397,sadrdenasale
398,ShayanSSE
399,Otopiaa
400,Omid111367
401,sefat_007
402,Sunsun2021j
403,Hydraulic_lift
404,dr_kakasoltan2
405,Ablfzl_021
406,Selcom_door
407,Aradsanat2020
408,elevator_sepehr
409,MohamadRezaSafarzadeh
410,Sepehrasemanorg
411,Darbeshayeste
412,ghods_elevator_store
413,asansor_sepahann
414,Sigmaelevatorgroup
415,shahmohamadi707
416,Saleelsa
417,FG_ADMIN
418,saeed7918
419,Shahramshabrang
420,imanasansor1
421,Sadraelevatorr
422,SABALANLIFTCO
423,Sevildeniz1358lift
424,amiin_shzz
425,elevatorseraj
426,alishahsavan1990
427,Ali_shifteh
428,shayanborjasansor
429,Samgha
430,nickoil_sale
431,Ho3inshah13
432,Edrriss1910sh
433,Alisajed1366
434,Fatiiish2611
435,saee7194
436,Steel_sections
437,Saber281
438,Spt2110
439,SjadTM
440,AsrNovin1380
441,Saberi_cnc
442,Saeidnomiri
443,Bsiranm
444,Shoeib_KHALILI
445,saeed6634009
446,soltanibabak
447,Seyyed_Hadi_mousavi
448,Saeedalinejad
449,sajad643290
450,saeedmaji
451,Aliehtiatcar
452,slrmddi
453,sigmaazimii
454,M5008
455,Sadeghzttt
456,saeidhosseinpoor
457,Electro_sanats
458,salahkhah
459,sajjadnarghani
460,Mojtaba5366
461,adell4450
462,Sharififar1
463,hossein58sh
464,Saeidsheikhi52
465,slrmddii
466,BRAVEHURT69
467,saeed636
468,Sepahanlift
469,Chapestan_admin
470,Sajadmohseni1
471,SaeedBahramihidaji
472,mehdee1355
473,Alishahbazi9
474,Mosiavashi
475,s160216601
476,saeid_arab_ahmadi
477,Mohamad6868
478,inoti_se
479,alireza_soghandi
480,SaeedNazery
481,Aria0000
482,siaada
483,Sinakaramiiiiiii
484,sepidasanbaregiti_admin
485,Safari1400
486,saeedasghari0
487,Mohamad_Sh6033
488,sadegh_shahmoradi6695
489,Arka_Support
490,RadNiro110
491,razvan1361
492,Elevator_Ramezany
493,Rezaa45555
494,Reza_peik
495,Reza_khatib
496,A_rasulian
497,Rasool_abbaszadehh
498,Noushin1361
499,Rahnamamohsen
500,RP3311
501,RTH_ir
502,amir_rad_7000
503,Ravankaradmin
504,negar_em_jey
505,Asansorjam
506,alirajabi71
507,radrad4b
508,Rezajalilzadeh62
509,As_1992
510,pouryarahnama
511,Rad_rad4
512,Rahimi_Mehdi1
513,da_daniyal
514,Mehran09358650073
515,Reza021ahmadvand
516,Bahman_Rj
517,rostam_elavator
518,Rezamoftakhari
519,Miss_Rezai_elevator
520,asdfg7007
521,GholamrezaMandalzadeh
522,Farasim
523,amirreza791012
524,E136469
525,Rahies
526,rahsazanasanbarkeyhan
527,Hhhhrrrrrrrrr
528,FarhAd_Ami
529,Rejvani09156862062
530,Farasati_r
531,Asghar_rakhshan_1224
532,Reza_paiizi
533,Mohmdrahmni
534,ALI_KHAZAIE_RAVARI
535,Farshid_rezazadeh
536,Reazaakbari1367
537,Ehsanfaraz
538,Azarlift
539,Mmd_rtx
540,amir_gh_799
541,Reza2094641
542,Sasan_rahimii
543,mg_rezvani
544,parsafast2
545,m_didari_r
546,repairbord
547,bahman1110
548,rezaa7020
549,HamiD3054
550,Raimandasansor
551,rasull0406
552,Reza_khamooshi
553,Raziehabbariki
554,PeyRahmani
555,Reza2604
556,Reza_Fthlzdh
557,rah1419
558,RAr1003
559,Rasoul76
560,Ragacabin
561,Orbitalcontrol
562,Reza1872
563,Ra_masoud
564,Ramin_ntg
565,Rahimi1983
566,NkhCC
567,Asadi_ramin
568,elevator_alvand
569,Mehrdad1112
570,Darioush48
571,Rezabarghi
572,behzadrashidia
573,sadra_rzn
574,HameedR
575,Rashidakhgar
576,mehranmmd33
577,Reza0702
578,Reza_58
579,R_mohamadie
580,farshid0262
581,Rezahooseini
582,rahelebano
583,DavoodRajabii
584,Mohaaammadreza
585,mt_rstgroup
586,Nmn10
587,Mekhmekh
588,qqet1125
589,Qmarsmoradi
590,RJ_qazvin
591,Qasemi6278
592,karimyan_QMS
593,Amir_qasemii
594,Mori_qardash
595,qkhaki
596,Hydro_lift_procurement
597,Puyanpd
598,Pouyamehmandoost
599,Pouyagraphic2018
600,pouyaimane
601,parsfaraz_ayrik
602,amyin_pv
603,pouya_dj
604,Mahdiipaymardd
605,Nilofar89
606,palebarghi2020
607,farshad_cr7
608,Peymanenfejar
609,Pouyalift
610,Pbd_66608006
611,P_B_D_66607999
612,Nooshin1656
613,FOROS_PAYA1
614,Fara_part
615,araz123d
616,alperpvc
617,hamidrezapoorzarandi
618,ParsianLiftShop
619,Nfhfo
620,parselevatoryazd
621,npeyman60
622,m_pandi
623,masoudpoormohammadkhan
624,mehdi_power1266
625,Ahura171982
626,Pejmandokh
627,lighting08113003
628,aliparsaei1
629,sahand_asansor
630,pouneh1370
631,PRAlift
632,payamgir_mahaleh
633,Poorya022
634,persialiftmashhad
635,Amirpasha8
636,P_farahmand
637,Persianlift
638,Shadanpreschool
639,pymanbahrami6036
640,Hossein_Paksima
641,ELEVAT0R
642,Poriya_azd
643,farazshargh
644,pabalift63
645,Pe_saa
646,hj_pkb
647,Parvazlove
648,seyfi_pr
649,Parifam_56
650,Mostafa_pj
651,Pele_mashhad
652,peyman8433
653,dezhpoulad
654,payacontrol_rabiei
655,peymayeshlift
656,H_panahinia
657,Padideh_elevator
658,Poyan1387shayan
659,partakEL
660,rstuzx
661,Pejman5885363
662,nima_poursafar
663,pptnm
664,behroozpanahi303
665,Pouyabaesi
666,Dts1360
667,Alirezaparsa06
668,Mohammadpnh76
669,Parsasamanager
670,Prismalc
671,PouriaPM
672,sianpanah
673,Ahmad_hp313
674,alireza_pourrezaei
675,Payambana
676,pedramkianii
677,Poorang1974
678,ArashPalizvan
679,miselevator
680,majidporii
681,HPjustice
682,StonePersia
683,PutinPush
684,Peiman11hendi
685,Pariiia_hoseini
686,MMP6687
687,popookok
688,Papo2222
689,iranian_elevator_parts
690,Pesarekrj
691,AliPirhadi
692,hirparmasar
693,AHSayad
694,paradise2021
695,paysomemon
696,SMEPJ
697,pouya_pouyan
698,pedro1333
699,masoudp
700,DK_Pk201048
701,Farzad_pm
702,Pouyansn
703,pahlevan20306
704,Payacontrol_jamshidi
705,pouria74m
706,cabin_plus1
707,parsyazdco
708,Aref_7
709,amin_p50
710,omidighani
711,m_o_b_i_n_agaee
712,owjfarazbeyhaghlift
713,elevator_olyaie
714,omidniroumand
715,omid67867
716,OPAlift
717,fakheroilco
718,omid290204
719,Orgal
720,owj_company_2
721,omid_kh59
722,mehdi_borji1896
723,Bahram_oftadeh
724,OwjResanCEO
725,MTBO1
726,odli_mohammad
727,Hashem_o
728,AmirOveysie
729,gittylift
730,Omid_5100
731,Omidd_68
732,Mohammad573111
733,Ojseir
734,asansor_ojbarmoghan
735,omid_nakhkoob
736,NovinSarma63
737,Dumantork_oghlo
738,mr_amiiiiir
739,omidferozeyanmochdam
740,farshadazi
741,Javad_o_o
742,Ordoni
743,Omid112485
744,omid_omidvar
745,Alirezazadeh59
746,Rhdmdm
747,nikola0624
748,Omid7beigloo
749,Keyvan_javadi69
750,opbdqo
751,O_D_110
752,Oncall_lift
753,oojasansoor
754,Habib_jalilian_official
755,bahadoromp
756,Omid_61
757,omidsanjari1234
758,omidhamidi7
759,callme09100225431
760,oriflame_iran_cosmetic
761,Omarjooo
762,omidrabieii
763,Omidvari09171282561
764,Oraman_cabin
765,Tele_2_2020
766,omid000678
767,onlyym
768,khademi678
769,obslift_Support
770,Parisa26z
771,Hojat_nobari
772,najiyan1
773,Novin_Elavator
774,majidnaghibi007
775,Nowruzi5360
776,niaz_ni76
777,mohammad_njy
778,Ard09195655381
779,najafii64
780,elinoroozi
781,najiasansor
782,Nekooie
783,nobugh_foroush
784,Naserfanaiean
785,mmajid1390
786,naazzaan
787,Fatimaw98
788,Arwinelv
789,elham_bhmn
790,na_abb_42
791,Jamdi134
792,Niagara_asadi
793,mehranovinelevatore
794,Hadi_NSM
795,nasiri0419
796,Navidabolkheir
797,SssssssssssssM
798,Namarvid
799,AMn8490
800,naghi_babrlou
801,G6xydudurugugirigig
802,SeyedNaiemAlavi
803,Dgdydduf
804,Siavash_najarieh2
805,Mehrdadnazari1396
806,A_nsg
807,Kamran_nafar
808,Nemayansazeh
809,Sadeghfooladvand
810,Ahmad3166
811,nedambn
812,shaahin1975
813,Alimohammad_n
814,aminnajari_32
815,mnmoghimi
816,sabah_noori
817,Maghsoud_nodrati
818,Hasan066
819,j17_soleimani
820,Nam7610
821,Naserghahramani
822,Nafiseh_khadem
823,new1373
824,Ehsan_Naj88
825,Farhad8272
826,imannk60
827,nikoodavood
828,ramiiin65
829,Mhn6384
830,Hamidnaderloi
831,Mohsennasiri1365
832,Kambagher
833,sizistyan
834,Nimaalimomen
835,Nimarose
836,Narimaneskandarzadeh91
837,Arash_579
838,Nayere_kz
839,Mohsen_nasa
840,Smajm
841,Shahab_ne
842,Nkasaee
843,homan_h
844,nozad55
845,Moeincctv
846,KONAhandmadeBAG
847,raminkate
848,naser_chaharmahali
849,H_Nemati95
850,nade6
851,nabehro
852,Mohsennezhadi
853,Archniksirat
854,NK275
855,H_Naghshejahan
856,Mrym_nozar
857,ali_nesha
858,Majid_n45
859,Amir221265
860,nima1958
861,NasiimLtf
862,NasserFathi4182
863,mostaFa_ndi
864,NaeimifardEhsan
865,NewTechElevator
866,aryan_nkl
867,Mragh1985
868,mehdiandarabi
869,Mostafakaganj
870,Mehrabfaraz
871,Masoud77788i
872,Mos771
873,Mohsen_foroughii
874,Mohsennnn67
875,Mohamadabagheri
876,mfnrbt9899
877,Moein53
878,mohammad_avi
879,Alireza_mazloom
880,Maghsod1345
881,M09155095174
882,Mobser_Bot
883,MBabii
884,mapsa_foroush
885,Majid_heydariii
886,Delta_lift_Marketing
887,mnelevator
888,Mohdvfi
889,Mdellx
890,MohammadAminMDV
891,Gholyzadeh
892,abrahammoradi
893,MrM_Bagheri
894,mojtaba_ahmadieyan
895,Mokabberian
896,elevatorpanel
897,mosharrafi
898,Mr_koush
899,mrjahandide
900,Moeinmark
901,Khedmati_m
902,mr_dorodian
903,Mahdi_7513
904,Behnam19999
905,mehdiazar_music1
906,amirmasor
907,KFmarketing
908,amin_mazrouei
909,MDR_DOOSTMOHAMMADI
910,Mothy1991
911,Mohamad_Elevator
912,Majid13595959
913,mehdeabd
914,Mkh_151
915,hmaryam1373
916,mmahdiyar
917,Md3961
918,Misaqasansor
919,msFanbari
920,Mehdigodarzi65
921,mos11361
922,M_kiarostami
923,mohammad_e6
924,mahdihashemi1
925,Masoodtvi
926,farhad11367
927,mojtaba_asghari66
928,mohamad_mohagheghi
929,Mkazemdamghani
930,Majidmirzaee2
931,majlesi_elevator
932,Hasan_meydani59
933,Lonely47
934,Ali0409
935,iranooiran
936,Mojtaba_b_b_343
937,Miladhajiebrahim
938,Mojtaba138994
939,A_M94M_A
940,MakelsanCo
941,Mahbah540
942,hvacbayat
943,moghadam2330
944,MalaekAmir
945,maMaD_HaiD
946,M_b_g_001
947,locklink_bot
948,alborz_lift
949,Acolift97
950,Gomraah
951,LgdsvA
952,khayyam_Lift
953,Lentea123
954,DibaaFaraz
955,Behrad_legend
956,mehrgan_lift2
957,aadivandari
958,artalifts
959,asansoudsanat
960,Luciffer696
961,Ali_asg2020
962,bl93endz
963,scyllagram
964,aley12
965,BSR_LIFT
966,IMEN_LIFT
967,liomene
968,inovance_admin
969,Luxury5454
970,Farshid007r
971,Leila_Mardany_Is
972,laserokh
973,shayan_lift
974,Ali1024
975,Lashkari_ali
976,Lalaee
977,Masih_leily
978,lar0s
979,Abdinialift
980,ElevatorLotfi
981,Alvandlift2
982,Leili82tz
983,Libraa_Ali
984,Limit0
985,Salegroup
986,Arjmand_lift
987,keyhanlift1
988,Arman_luxurystore
989,Rohollah15
990,lerj1397
991,arefeh2023
992,liftdesigneriran_support
993,novinlifts
994,El_Sa_100
995,Alireza7309
996,RaminN_1993
997,Lifeinsurance2019
998,Mohamad0830
999,CactusSn
1000,Leyla_s_Nail
1001,amir_ltf
1002,CCOUNTANT1994
1003,liffffff6
1004,Diba_Lift
1005,loveme4living
1006,Mehrgan_Lift
1007,D_e_l_1_bot
1008,AminLatifi78
1009,CTakSale
1010,Sam_lift
1011,ELEVATOR_1
1012,LOCKbrandSHH
1013,MojeLiftCo
1014,Dibalift
1015,ParsanLift
1016,Lifelift20
1017,Koreekert
1018,KooshanLift
1019,kabinshams
1020,A_Khorrami
1021,ashkan_kurd
1022,keyvanautomatic
1023,Abodkhorsand
1024,Khedmatiii
1025,Alikarimi48
1026,Kkaramu
1027,asansor_kahroba
1028,kishindustry_IPCCE
1029,kosarliftgroup
1030,Alireza_Abbasi_KBN
1031,KINGAR22R
1032,ardalan_kp
1033,kimiyasazann
1034,karimkhosravi
1035,elevatorkaren
1036,Hashi63
1037,majidkarimbeygi
1038,Abdolahikamal
1039,KASRAPEYMA
1040,Arad_kabinn
1041,Kharazan52_53
1042,Kouklanifar
1043,Kkmonfared
1044,Siavash_kakaei
1045,AsKiani2020
1046,karimjahangirpour
1047,arash_keyvan
1048,kianjewellry
1049,AliKazel
1050,M_Khezri1993
1051,Mohammad23kefayati
1052,edi_khan
1053,hasankoshki1
1054,smteh01
1055,Shahhoseyni95
1056,khatkhatiatelier8980
1057,Kheyrandish197
1058,Mskaveh
1059,ehsankabiri62
1060,M_iliya
1061,khashayarkhadem
1062,KAliR
1063,AmirHoseingoli
1064,aliporkhodabakhshi
1065,mohammad_khakpour1
1066,BEHROOZKAVEH
1067,hbk1970
1068,Mahdikhachi
1069,Borj_asanbar_khavaran
1070,Majidkia
1071,Amin_kazemy
1072,etemadikiahh
1073,Siakazemi
1074,Kbahad
1075,Mehdikasra
1076,Rasoolkarimi60
1077,Ammarkhoei
1078,Roverrr
1079,Keyvan_hadi
1080,M_KakavandMirzaeei
1081,Kavir5585
1082,Kamrankashani135
1083,Moko7895
1084,Kavehiran2545
1085,Mkarimi_en
1086,escalatoralikordi
1087,Bime_Karaji
1088,kavehGhoreshi
1089,Mohamad_k87
1090,K1ari
1091,mojtaba_kml
1092,Kia_0a
1093,e_king11
1094,Abolfzlkarami
1095,ehsani2
1096,Hosein_jaafarimotlagh
1097,Farshad_jp
1098,Javani_amirhosein
1099,jahanfarazAS
1100,AJoneidii
1101,alirezasng
1102,behran_jonubshargh
1103,Javaherey
1104,Javadznd
1105,MasoumiJavad
1106,j_heidarpour
1107,Jamshid6277
1108,Alireza_ji1998
1109,jsn0829
1110,javadddkh
1111,JunkShopM
1112,Moghiseh5
1113,Mhmd_jafarii
1114,jghollammy
1115,Jahanpichshojaei
1116,J_13017_A
1117,FarshidJ_A
1118,alijafanezhad
1119,Alijafari1368
1120,Alatemirli
1121,Mogaddamturklift
1122,amitisliftadmin
1123,Jila938
1124,Ebrahim6767
1125,Javadi67
1126,Mohammadreza_jahan
1127,sheiiidajr
1128,Jrostamik
1129,Jalal1361rohani
1130,Masoud_jam
1131,Castlemahdijooon2063
1132,jamal200000
1133,Hamidak
1134,Korush3446
1135,JMF1356
1136,JRKMRK
1137,masoudjohari1
1138,H1364
1139,am5yd
1140,MehdiJalali60
1141,Javadkhodadadeh
1142,Jafarzadeh_f
1143,mjahedi43
1144,Mehdijafari
1145,jaavaad
1146,Raminje
1147,ja026
1148,Jabertp1990
1149,Ahad_gym
1150,A_jamali74
1151,ativania
1152,Jatftc
1153,Majidmohsenijam
1154,jafari_designer
1155,afshin_j75
1156,hadijaroughi
1157,Javar13
1158,Javad_behnam1992
1159,j_jamalii
1160,Mah10101010
1161,j_majid_mafia
1162,R_A_M_I_N_j
1163,MohammadReza_Jozari
1164,Ehsanjavadzade
1165,Jahanbakhsh136767
1166,M0A0T0H
1167,Abbasjahani
1168,aminjasbi
1169,javad14miri
1170,janvaljan57
1171,Niloofar_javad
1172,Asma_jmln
1173,Javadakrami73
1174,ElectronicServic
1175,seyed_mjavad313
1176,Javadiyann
1177,J_eslamloo
1178,hamid111j
1179,AliJalili27
1180,Hamid_Ilshahy
1181,imensazanehomaa
1182,Imanasanbarmisagh
1183,iranhydrolift
1184,itacoir
1185,elevator110_isfahan
1186,industrialdeal
1187,Ebi5790
1188,elevatorbarzdeh_ir
1189,I_AM_SHAHIN
1190,ImIdiOtIdeA
1191,Imanelve
1192,HADIX
1193,Imenfarazalvandp
1194,Idofuckinrunit
1195,imwilson
1196,Sigma_isfahan
1197,Iam_Mohamad81
1198,GLADIATOR_IBA
1199,Hadi_iii_iii
1200,iamhos
1201,Isaelevator
1202,SEvENi_7
1203,Sina_ina
1204,imanazimian
1205,salarimannehr
1206,imanalikbar
1207,IndustrialAutomation
1208,Imenlift4003
1209,Mohmmadmehdiizadi
1210,Imilasy
1211,Iman_bh
1212,N_in_ey
1213,S0heilm
1214,irtci_ac
1215,Am_in_66
1216,idshahriyar73sh
1217,A_4_m
1218,Imankalhor70
1219,iabolfazl33
1220,I00_00I
1221,Mojtaba_Pro_IT
1222,Mi_1989i
1223,Mrcontent_ir
1224,mohseniranpour
1225,Iiran46
1226,irsa111
1227,Emaadin
1228,iman_1183
1229,Iran_ballbearing
1230,Sghtabriz
1231,iraj2535
1232,MojtabaRahsepar
1233,Imanjahangirzade
1234,Koocheha1
1235,Iman_asan
1236,imanmir144
1237,aradimen_co
1238,hamed123456_22
1239,HassanSafaei52
1240,hoseinamini7
1241,hooman71327
1242,Homanhabibi0783
1243,hbhabibzadeh
1244,hamiddarvari
1245,Hamid111333
1246,Hydraufarbod
1247,Hamidpalmeh
1248,hadisSal
1249,Hamedbeheshtiyan69
1250,ALTINELVATOR
1251,Ha1357san
1252,Ariyan221
1253,ariyaam
1254,HamoOoon_H2
1255,Amirhossein_hosseini190
1256,HFARKHONDEH
1257,caspian_hydraulic
1258,heydarih22
1259,Hoseini_hvac
1260,Hosseinsobhani64
1261,hidrofann
1262,Hamidkarami2
1263,Divid7
1264,Ashkimi65
1265,Mahmood_hn
1266,Behfaraz
1267,hamid0jnbtgnbg
1268,AGHIL1360
1269,HHzmm
1270,Dr_h_dehghan
1271,hemnahmadnezhad
1272,Hamii96
1273,Hamid_daneshi
1274,Hossien6469
1275,Hamidkarimi1368
1276,hameda24361
1277,Ahmadzadehhadi
1278,Hakan1365
1279,Hegmatane_Elevator24
1280,adooran_admin
1281,HonarvaraanAriyayi
1282,Heydar5jafari
1283,Hai50
1284,Delavar_hamed
1285,En_hassanzadeh
1286,H1a3d6i86
1287,Arshavir3
1288,Hamed_m1363
1289,HoseinR1990
1290,Hemmatfar
1291,smhamin95
1292,Mehdihr315
1293,Hadizivarii
1294,sfgk4
1295,Hoomani86
1296,HashemiLift
1297,Seydmosavi
1298,ghadirelevator
1299,generalcabiin
1300,elham_ghashghai
1301,Ahmadgolrizi
1302,ghasemipro69
1303,Asansor_gharb1
1304,Adelganji
1305,Alireza22832
1306,bsg_ghaed
1307,diako8571
1308,Arelarchitect
1309,A_Ghforani
1310,Gooodgirl666
1311,Ghavami7
1312,Sale_GhaemceGroup
1313,a1z3i9m6
1314,gitiasansor
1315,Fariborz1317
1316,ghasemmaleki62
1317,grand_97
1318,Ghahreman9a
1319,galbtanhayman
1320,Mohamad1368ieee
1321,Mostafagoudarzi_musician
1322,agolmakani
1323,Gholizadeh_ayat
1324,Ghasem1425
1325,aligilanii
1326,Emadghorbani87
1327,Gor1351
1328,Amfiglf
1329,behrancar
1330,maryamgoodarzi771
1331,MonjiGroups
1332,davood_gh_h
1333,Mojtaba639
1334,ehsanghezloo
1335,golshan53
1336,Ali94312
1337,Abbas72520
1338,mahdii_geshani
1339,saba_gostar
1340,Aralift_co
1341,H_ghaemmaleki
1342,Ghasem1954
1343,mgolchin79
1344,Mehdiazad_gk
1345,majidgoodini
1346,Mahdi_ghaaaaasemiiiiiii
1347,Ehsan_ghafouri10
1348,Golpes
1349,sadroddin64
1350,maziar9826
1351,Alirezagm136
1352,Gholamrezarouhany
1353,MajidGanji1
1354,GulfGrp
1355,Aligholami2536
1356,Mohammadhassanghaffari
1357,hrghaffari
1358,ghaffarpur
1359,Ali_gomari
1360,HAMIDREZAGHAFUORI
1361,ghkhajeh
1362,BRP_Ghanbari
1363,Ghanbari69elyas
1364,farshad_gh79
1365,gmostafapour
1366,Abbas_Ghaedsharafi
1367,aminighafoori
1368,Hamedghorbani98
1369,gbrilm
1370,Barcode_gostar_asia
1371,abzar_General
1372,AAlireza_Ghaffari
1373,masoud_gharibzadeh
1374,mghanbari12
1375,go_at_second
1376,mhd9874
1377,setarehgharbasia
1378,Rezvan5919
1379,mehdialigholizadeh
1380,Reza_ghalevand
1381,melix_gorgani
1382,MrGanjy
1383,Ghaemasanbar
1384,Ghezi00
1385,Aligh32
1386,golzar_007
1387,mehdigerami
1388,Hamidghasemi40
1389,mina_ghadami
1390,GazaLiftAmol
1391,Ghafoorianamir65
1392,Ghorbani56ali
1393,Eden777
1394,Ghaemmobile58
1395,Ali_gdz
1396,Fazli136500
1397,Farahanidatis
1398,Ftme_at
1399,Azimi1630
1400,efdelta
1401,Farzadglass
1402,farzadmalekk
1403,faranak_br
1404,Fafa6060
1405,ARSHAM_ELEVATOR
1406,faghanielevator
1407,Farmanpishgahi
1408,Farshad2650
1409,Milad5754
1410,Farazpeymalift
1411,MohammadFeiz1222
1412,fanniepi
1413,farhad1991199
1414,sadeghfakharii
1415,m_for64
1416,Afra_faraz
1417,afshin_farid
1418,Faridlift
1419,fatima69aghigh
1420,alamiaaa
1421,Family_counseler
1422,farshadmardi
1423,farhad55574
1424,Farzan4050
1425,Hamidfarahanilift
1426,Faraz_Chamani
1427,alirezafarmahinifarahani
1428,Faridmrh
1429,Mehdivfa
1430,baghban17
1431,FARZAD831
1432,elevator_alireza
1433,hydrosafe
1434,farzadvg
1435,Fadak512
1436,Majid_fitt1
1437,Mfp55
1438,Farzin_babaeee
1439,frazborj
1440,Farrokhi0hfco
1441,Farokhianlift
1442,Mmd_fni
1443,rahmanman1
1444,Farjadsa
1445,Mohsenfakharian
1446,hos_fa_1359
1447,MfarahaniIRTEH
1448,Farshid_elevator
1449,Farshad697
1450,Farhad_Esmaeile
1451,mostafa_147
1452,Farshadfgf
1453,farazpoyafaal
1454,amirfm
1455,AFRACHOBb
1456,KIANOKIAN
1457,farshad3300
1458,amirmola1
1459,farshad_f_m
1460,falahat22
1461,ebrah_f
1462,Faraz1362
1463,Kamal_fhm
1464,farshidrad121
1465,faslfive_admin
1466,Farbod_karimii
1467,Farshidabbasi
1468,emankhosrojerdi
1469,Emperor1984
1470,Eng_Bakhshi
1471,eilka786
1472,Engpeykani
1473,Elsacompany_Alborz
1474,elevatorabbasii
1475,elevator68
1476,Elevator1358
1477,alborz_elevators
1478,Elmarkazii
1479,Asanbararshia
1480,asansor_eshragh1
1481,barzdehelevator
1482,Asansor_b
1483,Elcmanzare
1484,Ehtiatkar97
1485,EhBh1983
1486,ehsan6590
1487,Abdollahi_elevator
1488,aran_elevator
1489,EGPLIFT
1490,Ehsanbp334
1491,Behrad_electric_darvari
1492,Elevator000
1493,Elevator6
1494,elisport
1495,aras_elevator
1496,Ebi_abbasi
1497,export2010
1498,Elevator_133_Business2
1499,Abbasi_Elevator1
1500,butterfly_blu
1501,ejo1234
1502,Elevatorrrr
1503,Behnam_Esbati74
1504,Electrical_enginneer
1505,asdfgasdfgqw
1506,Behfaraz_elevator_esf
1507,MREPM2016
1508,Elevator12345
1509,Daris_Elevator
1510,dehnadelevator
1511,ELEVATOR79
1512,Abdolhossein_eb
1513,A_E_ELevator
1514,Eb137
1515,Afsoon_es71
1516,amin3842
1517,Elyasadampoor
1518,Emadasgari
1519,Alim5201
1520,Arian_Elevaator
1521,Mojtaba_eldoromi
1522,ehsansoruri
1523,asansor_ehsan
1524,Erfan_em007
1525,Elevatortak
1526,Ebiii8787
1527,Eleeenn
1528,Mohamadeslami
1529,Abedsheikhi
1530,EhsanSteps
1531,DaghighSanatKoomesh
1532,dkhosro
1533,dolmmr
1534,Ardadfar
1535,DIAKO_ASANSOR
1536,AliAlleria
1537,Davuud
1538,bluelife1985
1539,AliDamirchy
1540,smdavoodism
1541,amin2192
1542,Dave_developer
1543,davoooooooooooooooooooooo
1544,david341
1545,Dariush2021
1546,Alirezadaliriii
1547,Mohamad1985d
1548,Mohammad4150
1549,mohammad8300557
1550,dashtan1354
1551,DariushH1990
1552,dracoboksel5022291025096932
1553,Ali_Dehghan60
1554,Dkhb007
1555,Decamoon
1556,dourfak
1557,Kyokoshin68
1558,mehdisoon1
1559,EhsanDd
1560,Dj1388
1561,dibaelevator
1562,DibaFarazAseman
1563,Citysstar
1564,Mohammad_akh97
1565,DariushAghazadeh
1566,Dibalift1755
1567,mohsendadmaneshh
1568,dsh1357
1569,dinaexo
1570,Ashkezar
1571,Dani3063
1572,Research_and_Development
1573,H_m_d_r
1574,dastavval_admin
1575,behzad_h_d
1576,ArchitectSabri
1577,dargahi91
1578,Foaddoroudian
1579,daniR69
1580,Aigu013477431
1581,DrMrHelp
1582,DaenerysTaregriyan
1583,aliakbar_di
1584,Desertboy1368
1585,Datis_sales
1586,Hadiheydari1
1587,Dariushxray
1588,DeadmanST
1589,Dr_s_abdolamir
1590,D0nyaDabiri
1591,Daniel_saffari
1592,Shahramborjian
1593,DaniDef
1594,A_Doroudian
1595,Ali_Dehdari
1596,Decoration72
1597,drive_ceack
1598,dornegah_cctv
1599,dr_sepehrian
1600,Peyman_d120
1601,arian_co_2012
1602,Ashkan_Chavoshii
1603,ARIO_cctv
1604,akalift
1605,chapepelakPARS
1606,aranelectric_co
1607,arman_5519
1608,Mortaza_bagheri_akta_co
1609,clinic_Artin_sos
1610,Coinnbit
1611,Mobser_cli
1612,Civil9869000000
1613,Cabli
1614,atipanell
1615,clash2652
1616,cyrus2542
1617,CarPanAdmin
1618,SLWco
1619,Cr1az
1620,Sadr_Commer
1621,cactusmedicalbook
1622,Comeround21
1623,ccccfg
1624,cortexf
1625,controlmaker
1626,Company_FASM_2021
1627,Sevda_ka
1628,BPFCOMohammadi
1629,Cecolift
1630,Cruyf
1631,fsi_co
1632,asemanrasanlift
1633,Chamanara
1634,Cj2005
1635,Civil1991
1636,cicijoon123
1637,Saeid_chaghari
1638,Hadicivileng
1639,Company_fasm_99
1640,mpc_ceo
1641,Mro3377
1642,hamidahadi1353
1643,Company_elevator_Nameni
1644,BalabarBroodatCo
1645,Caspiyanlift
1646,Behineoojnejat
1647,C1368
1648,Jalal_ce
1649,Carino_elevator
1650,barad_asanbar_co
1651,Cb09kf300
1652,Behnammalek2017
1653,B3356
1654,bullit8
1655,bazarganiishayan
1656,amiintamiin
1657,Barnbeautysalon
1658,balifanasansor
1659,Bazarkarkhoy
1660,asaalborz5631
1661,botialift
1662,Masoud7458
1663,studio_amir
1664,AmirBandioun
1665,bajelani1338
1666,banour666
1667,barbar_app
1668,Boks98
1669,A_A_Baghernezhad
1670,Sajjad77777777
1671,amin_bn67
1672,behroozaghel
1673,mb62416
1674,B1h2n
1675,Sadeghbegloo
1676,bonyadiamir
1677,BehRazm
1678,Hassanbaharlooi
1679,Bardia_Ma
1680,Behrozalimoradi
1681,HMBahrabadi01
1682,hadi_bidarian
1683,bahram107
1684,behrozshojaie
1685,Behzadsharifzadeh
1686,Edresbayazidi
1687,MB19820
1688,shayanlift
1689,behran11
1690,Behzad_mohsenlu
1691,bakhshi30
1692,Behnamfarahkhah
1693,Bahramb92
1694,baluch_studio
1695,arsalllan9090
1696,Amirameri0990
1697,amirhosein_asal
1698,alpain50
1699,AsansorShuatel
1700,Alnhe
1701,Amirrr6775
1702,asdalireza
1703,AA2740
1704,Amin3080
1705,akbarshojaei
1706,asmp1
1707,asansorrazi
1708,AFOROUGHY
1709,Asanbar1550
1710,Acmeelevator
1711,abashafaei
1712,amirxperi
1713,Azinlift_1
1714,arash09384080278
1715,asansorearsh
1716,Abzarsanat110
1717,Asansoroil
1718,asansorrahnma
1719,aryantechnique
1720,AZQartal1
1721,asanza
1722,amirizie
1723,ariantechniquepakhsh
1724,Amirhbm
1725,Abolfazlrezazadee
1726,Alireza_24685
1727,Anosheh1991
1728,Arianshargh
1729,Abolfazl4069
1730,Alirezafarshbaf
1731,amiiintavakoli
1732,aminfaraz59
1733,almessi
1734,arshammohamadi
1735,Azadeh550
1736,Amirb07
1737,akbarmadadi
1738,Abolfzl_199
1739,Alihosseini1986
1740,Alirezagp2
1741,amirabbasiw
1742,Amirhosseinrasouli65
1743,aj359
1744,asansorkian
1745,MTtalebi
1746,M_ToTTi
1747,maralntco
1748,thmaleki
1749,Atrina64
1750,MT1905
1751,el6naz5
1752,ehsan_tbt
1753,Ho3in_ty
1754,Heydari_torghabe
1755,hec_tor
1756,paaaaaaaarham
1757,RA_FA_TZ
1758,Teymor11
1759,davoodtaheriy
1760,SOUDSANAT
1761,tanha97llll
1762,teknikshop
1763,sajjad2991
1764,Mohammaddgdgdg
1765,samintafakory
1766,s128147245
1767,mohsenshahvaran
1768,M_S198968
1769,Ssarabi
1770,M77126473
1771,Siavashmirzaeyan
1772,Alisafari1989
1773,sadegh_shaneh
1774,sanambaanoo
1775,sami88gg
1776,sh01210
1777,Mohamadsadra142
1778,m_78_s_74
1779,SahabAlizadeh
1780,azarsoudsanat
1781,SABBAGHIPAYA09226278565
1782,Saeed4615
1783,Alisharifi22
1784,Saeeduoooo
1785,Amirshafaei
1786,sze1369
1787,SanatSakhtemanIr
1788,seyed_activex
1789,sadr_metal
1790,Sorena5806
1791,Saeidvafaei
1792,shaternia
1793,Sajjadb1992296
1794,Saeed_saff
1795,asanbaratlas
1796,Sinakohnavard
1797,Saji3407
1798,shsh329
1799,SiAVASH_H38
1800,Aa33336614
1801,Shokri_alireza
1802,Sueizi
1803,Shoushtari
1804,Sajjaddddddd
1805,AlRzaFM7
1806,ArminSajjadian
1807,Sadegh_Asemi1995
1808,Samanpashay
1809,aliisaaaa
1810,Siamakrabiei
1811,sawmij
1812,Siya5050
1813,samisadeghi88
1814,saeidmasoudi
1815,Semnanico
1816,Respmhmd
1817,sadeghiyam_hamid
1818,Mozhi7
1819,SAEEEEED66
1820,Siyamak0076
1821,sajadm90
1822,ras2f36
1823,siminslo
1824,SMMElyasi
1825,Salehimahdi
1826,mostafashafaghizadeh
1827,Mssh1980
1828,rdehghan66
1829,ramindar
1830,M0h3n66
1831,reza4545mehdi
1832,Mohsenshabestari
1833,R7505
1834,mehran_rz
1835,RezaArvinMusic
1836,Rezaeidi72
1837,sabetym1
1838,Moslem_rahnma
1839,Hamid297
1840,Rahmaninejad50
1841,Azinaragroup
1842,rshz66
1843,Rezaashakeri3980162
1844,Hosseinrahjoo
1845,Alihajmohammad
1846,Realmojtaba_aghili
1847,razavirad1001
1848,MojtabaRom
1849,Reza62Tab
1850,Kingpin7430
1851,Heartsome0
1852,Monfajer65
1853,reza_robat
1854,hadirezayi20
1855,Rezahasrati
1856,karimi_m_reza
1857,K_rahmanii
1858,MohammadRahimt
1859,Ramiz1347
1860,Hadian1362
1861,A_Raaaa
1862,SamanRezaeeee
1863,Ramin_sorena
1864,Amiraniii
1865,Rezagolmohamad
1866,Rameen201Lar
1867,amirali83m
1868,Roohi2016
1869,bardiya_ramzani
1870,atri1977
1871,habibirezaei
1872,Ahmadreza_mzn
1873,HamidRezaRahi
1874,Alireza_rooozegar
1875,rezaseifi1
1876,Karaelevator
1877,mohamadreza00220
1878,AR_1969
1879,mohammadrajabi25
1880,Reza73es
1881,Rmoj72
1882,MRR9901
1883,masoud_2790
1884,Hamidrezak55
1885,afra_sanat_68
1886,rezaamiri92
1887,rahhim
1888,mehdi_rabiee133
1889,rabieenia
1890,Arash_ra10
1891,AFRamandi
1892,rahimi2015
1893,masoudrostamkhani
1894,farhadrahmaniii
1895,rezabahrami55
1896,Foad_rash_m
1897,aramisfaraz
1898,Mobl9180
1899,Shahhhhri
1900,Alireza_AG2
1901,Pishbin3271
1902,Parniantradingadmin
1903,pedramd369
1904,Persiansystemp
1905,pesitak
1906,paarco
1907,paclift
1908,parsasa021
1909,parssanat1393
1910,pm1powermusic
1911,Mahmodpayami097
1912,arminelctrod1
1913,PashaRahamani
1914,Parsianstone01
1915,pooyapouryamout
1916,amirparsabayat
1917,Pedi08523
1918,Ph1406
1919,mahdi000666
1920,kish7691414
1921,Parscabin_mtm
1922,Aryaparsy
1923,Pedramsalahifard2018
1924,Ansari_peyman
1925,Pouyapedram
1926,seyed_p
1927,PedramAA
1928,Royal_electronic
1929,M_poloe
1930,Reza_Pourfouladi
1931,Peymanghadimloo
1932,Parker110
1933,Reza_P2018
1934,pourhashemiali
1935,Mj_parisa
1936,Mahdipha
1937,pooria1363
1938,parsasaelevator
1939,Poshide12345
1940,Pelebarqii
1941,pishgam00
1942,Hosseinkhan_p
1943,Hosseinkhan0
1944,Paar1989
1945,poyansale
1946,Epi_electronicpajouh
1947,Massoud_Nassr
1948,Nosearch2020
1949,Navid19899
1950,eliiiiu
1951,Mohamadmn83
1952,Shohabn
1953,Alirezanabizadeh14
1954,Mostafa_nikoorazm
1955,FiroozNojavan
1956,naserfallah1356
1957,Nader_mohamadzade
1958,H_Nazemii
1959,Hessamniazi
1960,She66eng
1961,naserook
1962,Nzninfa
1963,Naseer1392
1964,novinmark1396
1965,Najafi75h
1966,Salar1358
1967,Ali_nemati_adrina
1968,A_nikkhah
1969,nematalla
1970,atis_admin
1971,Sajadnejadkheir
1972,hamidnazeri3172
1973,Emad_nasiri
1974,aria0ni
1975,Azadi1994
1976,N_amin
1977,Alinajmeddin
1978,Majidi777i
1979,namavaranlift
1980,navidferdosian
1981,M20dnt
1982,ashooraiyan_nooshabad69
1983,Nrasooli
1984,ererer3434
1985,haminemo
1986,Nazanin_Mohammadi
1987,Saeed5499
1988,MoMo383
1989,Hashemfeshraki
1990,noroozi_m62
1991,Mojtabanajafi1360
1992,bostani_architect
1993,nalami2012
1994,daneshmand_ac
1995,hamed_newface
1996,saeed_nmt
1997,negin_kohestaniraniyan
1998,NimaBagheriAsl
1999,Amirnabavinejad
2000,Na9der
2001,Nepra
2002,Nekmaram
2003,nikancommercial
2004,Mostafaebtekar
2005,bnm_699
2006,elevator_Nameni_99
2007,number500
2008,Najifarhan
2009,Sabalanelevator20l8
2010,Nasir1900
2011,HamidRezaNazi
2012,Mohsenfatemi70
2013,mahdadmaasoom
2014,MOhsenZahedi1221
2015,Mehrdad_Ardalan
2016,ammovahed
2017,Meyboty
2018,meisamaghajari
2019,MpD405
2020,majid5928
2021,mrmhs88
2022,Marko007
2023,MahdikhaniAkbar
2024,mostafa10043
2025,mjrbinam
2026,Meisamkazemi9
2027,mohammad27750
2028,Muhsennn
2029,mohammPM
2030,mikalift
2031,mmaahhddii008855
2032,Mmanoocheh
2033,mortezagarosi
2034,Majid_molk
2035,majidaghaiy
2036,Me_arabi57
2037,meysambarber
2038,Mahdisasanbar
2039,Asansor_mahdi
2040,mh_mn2020
2041,Mhdi_ahadzadeh
2042,Mooosi110
2043,ariasana
2044,md_abbasi
2045,Masouda59
2046,amirthami
2047,Asansor_majlesi
2048,Siavashkey1
2049,Kbcbearing
2050,Merajtools
2051,mmkhamechi
2052,Armankasa
2053,AMIR_ALI_keikha
2054,khalilsohrab
2055,Magician_Mostafa
2056,Khamseht
2057,Mehdikarim68
2058,kimiya8555
2059,Khoshkish20
2060,atualikhavari
2061,boof_kala
2062,Keramatlou
2063,kami6459
2064,alireza8867
2065,Kamranalizadeh
2066,Kimia_begloo
2067,Mr_khas_barber
2068,Amir_kamyab
2069,karen6421
2070,mmmmm1111190
2071,mohsenkupali
2072,alireza_khooshechin
2073,Keyvanabzar
2074,alikermanian
2075,h89928334
2076,Ehsa_12
2077,KamranMnmmd
2078,Arad_kharid
2079,aMir_ka8
2080,mojtaba_shafieii
2081,ali23qq
2082,Kayadarb
2083,Behzad_Kordi
2084,hossein_khoshabadi
2085,Khosrravi51
2086,behrani
2087,karkhaneh
2088,Kvs_1992
2089,Kiamahh
2090,SST_Krupp
2091,Samirakabiri
2092,alikhoshtinat
2093,kambiznaderali
2094,killluminati
2095,rezakarimi21
2096,Kambiz_63
2097,keyvinks
2098,mohsen_k6
2099,KouroshNZ
2100,king_armiin
2101,karimianm
2102,Hektor1987
2103,Milikhazaei
2104,bkz11017
2105,KAREN1390GHAH
2106,kerachyan
2107,Akh2773
2108,Koochoo
2109,khosravi_123
2110,Mostafakhanzaei
2111,kingofthesorrow
2112,kiarrrash
2113,kamitak69
2114,HH3082939
2115,Khosro_elahi
2116,sarakmn
2117,hadi_ka65
2118,kian_elevator
2119,rezakian1360
2120,Arooshaamiri
2121,Kavirsh
2122,roli_khosro
2123,KhademiPatLift
2124,reza66nto
2125,karami_marmar
2126,Keshavarz_motor
2127,HamidrezaKhani2007
2128,Kalateh46
2129,bahman_kamali
2130,Faraz_jack
2131,Mahdijokarrrr
2132,roz1061
2133,Hesam_Jalili
2134,frh_jafarnia
2135,Jalili123
2136,Sallar956
2137,bamechalus
2138,Hml1982
2139,Hamillllllll
2140,Hassankh45
2141,HAMRANG2
2142,hosseinsoveizi
2143,HOSsein051R
2144,hamedKhoshgoftar
2145,hamid19853
2146,Majidhajirahimi
2147,h1g0l1
2148,h1234321ipljy
2149,HosseinAbdolhamid
2150,Mos588
2151,miladhessam
2152,M_h_1997
2153,Hamedshahj61
2154,Hani_Hash
2155,Hamed_masoumi121
2156,Homayon2051
2157,Hamed1079
2158,Homybahramir
2159,Amirharirian77777
2160,Amirkhaan8
2161,Alih1106
2162,Amirhossein_Haghian
2163,hlotfiyan1358
2164,Ahmadzadehhadii
2165,hamidsalehi81
2166,Amir_HD9060
2167,HamidSaleh121
2168,Hosssein_86
2169,saferoon
2170,hemmati_masoud
2171,Majid_habibi48
2172,Shayanhoushiar
2173,Ho3nho3ni
2174,ht_77
2175,hamedc2
2176,AmirHarzanlooei
2177,Hojabri25
2178,ASKCOLTD
2179,hamed2813
2180,sm6833
2181,Hamidsss
2182,es098
2183,Salehbarmi
2184,hejran_1
2185,Hesamalipooor2000ah
2186,Aminn_Hosseini
2187,Hossein65z
2188,Hossein_s1360
2189,gh_mokhtari49
2190,samgolh
2191,Samii13
2192,Goodboooooy
2193,Mohammadgoool
2194,Maghafoori
2195,hessam_gvh
2196,Mgh5511
2197,Myasmodeus79
2198,rivarzG
2199,Mohammadgozali
2200,ghadiri_amin
2201,gasem68128
2202,Hosseinghavi
2203,Mor_gol
2204,Golsa_emrah
2205,Gam4008
2206,rgolnesaei64
2207,farshid_ghaffari
2208,hadighanbary
2209,Azimghz
2210,sirusg13
2211,farhadcard
2212,e23mad
2213,Msd_gsm
2214,MasoodGSM
2215,Gavade24
2216,artmis_elevator
2217,Aligh110
2218,FerdowsiBRP
2219,farshadasankar
2220,f_shahibzadeh
2221,A_f1349
2222,hoosi_frh
2223,Masoodfouladi
2224,Mehdi_faghandahr
2225,AMFARD
2226,behranliftco01
2227,Mohammadsina
2228,Ffn1394
2229,Fouadaj
2230,farshid29
2231,Farzan09393598251
2232,Mohammad66far
2233,Alifarahaniaac
2234,fadmohamadi
2235,AfshinMarzban
2236,Farnaz_saghari
2237,fshahriarpourr
2238,mohandesfifi
2239,A_fardamini
2240,M_FTN
2241,Fdaie313
2242,ali_farhani_061
2243,Satya62
2244,M_fazel_hashemi
2245,mr_farahani_sf
2246,farnamaqajani
2247,Farshid130420
2248,f0yosef
2249,Forij
2250,fermisk60
2251,fardi_saeed
2252,Farbodferdowsi
2253,Farzzagros
2254,eng_safaei
2255,Esmaieldavoodabadi
2256,elevator2013
2257,Ehsankazazi
2258,Ehsansadeghi67
2259,Sharafi1541
2260,Elevator1984
2261,Esfandiarsadeghi
2262,Md_Ei137
2263,Erfansaafari
2264,MEslamian
2265,Arminerfani
2266,Emadshm
2267,mahdi_esmaeli19
2268,ALTON_ELEVATOR
2269,Elfarsco
2270,elevator98
2271,ESi_1361
2272,elmosanat_hassani
2273,Elyasgh36
2274,Elevator_asrnovin
2275,Savari4
2276,behfarazelevator
2277,Elsaalborz
2278,Ehsanhajiabadi
2279,Moslememadin
2280,amiresfandian
2281,Ehsansam
2282,Molla_1364
2283,Eliyasas
2284,Elevator_engineer
2285,erfaneew
2286,BahmanElevator
2287,Sabalanelevator2018tbz
2288,aratrading2
2289,ermoar
2290,mmhebrahimi
2291,ebrahim6909
2292,asia_elevator2
2293,EngMhosini
2294,Eghtesadian57
2295,Sahand_EP
2296,erfan_3755
2297,Edrisi_4395
2298,esfehanian
2299,e13s70i
2300,atena_ent
2301,ehsankohzadii
2302,ali_ehyaee
2303,ehsangmz123
2304,e9904
2305,ebrahim_ahmadi_110
2306,abrahim1230
2307,Mina_esk
2308,Ebrahim_mohseni65
2309,Stoopb
2310,edehghan241
2311,EHSANJB
2312,AfAelevator
2313,aliakbar_ebrahiminejad
2314,ehsa42
2315,meysameslamiannia
2316,Mohammd_8089
2317,DAYA_ELC
2318,Ebrahim_Mirzajani
2319,alireza_ebadi_57
2320,M_ebrahimi67
2321,Srooww
2322,Davod_bayrampor
2323,Danialkahe
2324,daviids
2325,damacco
2326,SaeedDM7
2327,Roya_dti
2328,Abolfazl_davari
2329,dooriranelevator
2330,Arsham_b13
2331,Beigi51
2332,sinan9754
2333,Behruz_alizadeh49
2334,BehnoushA
2335,Babakpash
2336,saratahaaa
2337,MadSystem
2338,bahadorbabataheri
2339,ab110220
2340,Shivaabeygi
2341,Amir_B_7_21
2342,banihashem1379
2343,Amirbdnin
2344,Borna5645
2345,HBolouri
2346,Baab_shadab
2347,MohammadR_B8696
2348,Morteza_babaei73
2349,m_h_bojd
2350,Bazarih
2351,Milad_born
2352,mohamadb11
2353,mitra_b70
2354,behranliftco02
2355,Abiabani
2356,bimehiran6747
2357,mehr2197
2358,Meminbala
2359,baharioun
2360,behiha
2361,Behzadcivil1026
2362,Reza_B8
2363,behzadrostami
2364,BehrouzRahnemoud
2365,BahramianMH
2366,Ras0oul
2367,backgammon
2368,Bkh1353
2369,behd24
2370,hamidbehkar
2371,Babiiii71
2372,ali38803300
2373,boltezmanz
2374,Alireza_Baghbani1
2375,Badbooy13
2376,Bshibahrami
2377,Babakrrr
2378,Bluemoonnighat2
2379,Ardafk
2380,behroozatal
2381,Badavar
2382,Behnam984
2383,behzad00077
2384,baharkabiri
2385,Elevator_133_Businees
2386,Sb1989sss
2387,AED52
2388,Ab3663
2389,arasharman63
2390,Amir1_9_9_1
2391,Amiralidavoudi
2392,amirwniknam
2393,Ali_amini22
2394,Arashdavary
2395,Amir_aziiiziii
2396,Akhlaghalavi
2397,alirza138078
2398,Arashmpr67
2399,adakssa2019
2400,arma1234
2401,astok09194728919
2402,AzarAlift
2403,Amir1990af
2404,Abbasbastani
2405,AmirAhmadnoori
2406,asansorshayan
2407,Alireza1383s
2408,Ali31800
2409,APPGroup
2410,Amiiiirazad
2411,amta70
2412,Alireza600b
2413,Alirezashayan1
2414,Amozesheasansor
2415,amigo_021
2416,af92211
2417,alirezasaeeda
2418,SAMX1
2419,a_sohbati
2420,SahandArefnia
2421,soltsnsavalan
2422,salar888888
2423,Sajad_mohtashamian
2424,Sat07
2425,Saeed_Afshar
2426,Mahoor627
2427,Saeeyhasari
2428,STONEPLAST2016
2429,signalmss
2430,SookhtehSaraee
2431,mohammadsameinia
2432,Suzan_aqayar
2433,Saeedsamimi3990
2434,Sajad_A87
2435,askay
2436,Smaeilmf
2437,Alp64
2438,mohammadsp1
2439,Shahryar1131
2440,sir_ayoub
2441,Saeid_Sji
2442,shamsdecoration
2443,Sadegh_arefi
2444,Sayd3786
2445,smh_1349
2446,ange263
2447,Saman7268
2448,Sazhaad
2449,SBR_HDR
2450,shahriarbarca
2451,Mohsensadeghian1
2452,Mad_sazeh
2453,Shariyatiiii
2454,Saydagalery
2455,AmirShakib
2456,sinasoudsale
2457,Skh8891
2458,Himax123
2459,so_ali
2460,ali_soltanyy
2461,hossein_sadeghpour4
2462,Saeed_mollaei
2463,siamakInanloo
2464,abedshah007
2465,sf9667
2466,SaberSMmmm
2467,selin_saqar
2468,saba_heidary
2469,Samanheydarian74
2470,SHA123456
2471,Alimash123456789
2472,Akromax
2473,Salamat921
2474,shayan12345a
2475,Sajad1556
2476,Skyliftt
2477,SaFaa_A69
2478,Ahmad_shahnesaei
2479,sepehrpich
2480,MRAHMAL
2481,Rezahaghanii
2482,metalirani
2483,Hoseinrozbahani57
2484,MTComany
2485,milad_ronini
2486,Hamidyaghubi63
2487,HRouintan
2488,razielevatorcompany
2489,Hosin_Rastgoo
2490,Rezaamani1377
2491,ramin1588
2492,rrr234
2493,r61fkh
2494,Rezasekhavati
2495,HMD_RHM
2496,Rezanzhad
2497,hamid_reza_068
2498,rezaei593
2499,alirbn36
2500,Ryn_admin
2501,Mhd14
2502,RzAsA
2503,ah_rahimei
2504,Mahrojoniii
2505,alir676
2506,Rezazadeh_66
2507,mehdir50
2508,AV11B56755
2509,Mohammadi1757
2510,Saeed_Roshan
2511,MRrajabi94
2512,alireza_rv3
2513,mohamadreza_rastegar
2514,Rohamm
2515,raamsis
2516,mrp2003
2517,AAAAABq
2518,alirmk118
2519,Hasan4019
2520,Hossein_r980
2521,mlgsk
2522,MAMGHR
2523,Rezaghelich
2524,rezaazadeh
2525,AAli_rezaaaa
2526,AlipourReza
2527,Reza66AB
2528,MRimmunology
2529,rabi70
2530,she_ram_63
2531,Rahim_hasanzadeh
2532,ReyhanRj
2533,hedrolek
2534,Rezamoolaei
2535,Rb5532
2536,r4030_30
2537,mohammadmahdiroghani
2538,reza6747
2539,Hamid8362hrf
2540,Rkf3129
2541,RKDevMarket
2542,Ma5312
2543,mitrare_adv33
2544,R_Moradi1995
2545,Amin_rezaiy_99
2546,kawoosr
2547,reza_majlesiii
2548,reza_majlesiiii
2549,m09127394138
2550,mehdi4538
2551,mehrdad461
2552,Mra2400
2553,masoudlashanii
2554,Moeinfloyd
2555,MMD_Mokhtari_23
2556,mohmad75578
2557,Mojtaba2546
2558,Mohamadasgari1992
2559,masroormohsen
2560,MahdiAba30
2561,Mousavii1460
2562,mansoor1394
2563,ahmadmme53
2564,Mohamadkh9119
2565,Mostafahadinia
2566,Mohsenmirzei
2567,Manisari
2568,majid1245
2569,majidmohamadi163
2570,Mohammadalizadeh92
2571,MahdiScadaElec
2572,afzalasanbarpasargad
2573,maj3t
2574,A0Jackson
2575,mahmoudabouali
2576,M0staphaa
2577,Abbasmohseni83
2578,mamali747474
2579,mortezaaaa122
2580,managerab
2581,Khosrave2020
2582,H_khan35
2583,soudetminanekhazar
2584,HATABRIZI
2585,Hamid_7872
2586,hossein2871
2587,Hosseinnikbakht
2588,M00753
2589,hrbhamidreza
2590,Hravanparvar
2591,HH2sd
2592,hoseinkarani
2593,hasan3160
2594,hamidssharafi
2595,M_he25
2596,H_asgari_1347
2597,ha243
2598,Axavt7mamash
2599,MHosseinAdloo
2600,Mhadkh
2601,ho3einasadii
2602,hadii57
2603,Ha604
2604,hiddenboy1996
2605,Amirhosseini1355
2606,Hamid_ah26
2607,SaharHassankhan
2608,Hamidreza9055
2609,Ali_heydarifar
2610,Hoomansafari67
2611,Heydari_64
2612,Homayuni1970
2613,Haanymo
2614,Hamid_3759
2615,mahMonfared
2616,Sarvari2552
2617,sajjadhafizi3883
2618,Hajiloo_33
2619,HamidR1062
2620,Ho3ein20
2621,Hanibalchap
2622,hadidmega
2623,sahahmadiii740315
2624,sedaghatamirali
2625,hos9842
2626,helmahijab
2627,HearS
2628,Hemn1221
2629,Hosseinkhayaty
2630,Ham1987ed
2631,hooty8641214
2632,Hoseinzl
2633,AMIIIIIIIIRTAHA
2634,Shams_hosein
2635,HA313AN
2636,shahab_hajimashhadi
2637,Hemaad
2638,atefehosseini0
2639,AliRheidari
2640,ehsanroo
2641,emenasanbr
2642,Elevator110Mohseni
2643,Elevator970
2644,Esmailgharai20
2645,Esmailnahadi
2646,Afrooz2000
2647,AradRadasa
2648,alirezamayel
2649,Aammmme
2650,Akbar_abid
2651,Ali47azod
2652,arashabdikhan
2653,Asansor_amirkabir
2654,automaticsaeidian_admin
2655,Aliirezaa0
2656,ansooyeidehhaadmin
2657,Aryubrzn
2658,Ayhanparihan
2659,Aka2020
2660,Aramesh313m
2661,ahmad_ahmadi1995
2662,Ahmadhoseini1
2663,Azrael1
2664,Amiryasin0261
2665,ASANSORRAHA
2666,ALTONELE
2667,Ahmadi2568
2668,Aria9783
2669,aliakbarkhaleghi
2670,alirezabasiri1382
2671,ABBAS2850
2672,adel75
2673,Amirm123456789
2674,Atlaskaranshavar
2675,Afzal4030
2676,shabrang60
2677,Saidmmm
2678,saji21
2679,Mahyasharif
2680,SmmmS24
2681,SahandD
2682,Aminsaboohi
2683,Mehdisandoghdar
2684,shahabmohammadiyan
2685,saeidsaboori
2686,Sajad70N
2687,Soroush_alb
2688,Archianil
2689,saeedvalizadeh
2690,SahidGomnam
2691,Ahmadreza_shokri
2692,soheil2220
2693,Maysamira
2694,Mowla47
2695,sakhteman_6007
2696,Sajad9023632711
2697,shahed_313_313
2698,Sales_AsrNovin
2699,Safari8892
2700,ariyanoos_support
2701,Syanosh
2702,Azin_Asanbar_Sepahan
2703,SAEED_ADINANI
2704,shahinrima71
2705,sajjadgmil
2706,s1507a
2707,sali96Agh
2708,Shah0007
2709,Moein_sae
2710,Sanat95
2711,Majidsh6700
2712,Saho_2000
2713,sasan_arab
2714,ssaharabbasnia
2715,Ho3s3n
2716,salmi5
2717,Sobhkhiz
2718,Ss3040
2719,shafiei1981
2720,mo0o0ojtaba
2721,H_sarmast
2722,Alimazloumi58
2723,Shafiei7723
2724,SiamakLeader
2725,Sadegh26
2726,Meysamsh62
2727,Aliriza1
2728,Shabnamsaghati
2729,Srh6886
2730,shohadayegomnameiran
2731,milad_2_milecteronic
2732,Mehran_Mo89
2733,majidmasumi1920
2734,Mehdihakimifar
2735,AliMiralami
2736,mehi1574
2737,Mahdi_Mpour
2738,Majid_mn335
2739,Mahdijam411
2740,Miladmn1988
2741,Mei3amf
2742,Mahdiananda
2743,Mahdi51098
2744,Mehdi188
2745,M936580
2746,Mahdi_meh1372
2747,Mj2474mj
2748,M1o2h3a4m5ad
2749,Mehraaaaannnnnnn
2750,Morteza_Mohammadi
2751,alimakvandifar
2752,AmeretatM
2753,MansoooR0
2754,Archrando
2755,Mohammadi2814
2756,Mehdi77smi
2757,alimirbeygi
2758,m5a9h5d9i5
2759,Mojtaba_alhai
2760,M17500
2761,MRanaie
2762,MOHSEN5905021
2763,masood1221
2764,meysamhadi13
2765,Mahdi684
2766,Moharami3474
2767,miillaadd67
2768,MmBENZMmBENZ1976
2769,mao1356
2770,MOHSENES777
2771,mohsen_mostafapor
2772,Hamidabdi64
2773,hashofte
2774,Hamedgozal
2775,HMFFA
2776,Hamidreza01h
2777,Alihadi1355
2778,hos5656
2779,hatef10
2780,A_143_H
2781,Moeinkhah
2782,Hossein_9669
2783,hadibeygi60
2784,Mahmood_hajiabadi
2785,Mohamad_asics
2786,Hh6236
2787,hamed50
2788,HTarverdiC
2789,hoodinhm
2790,hanieh_smd
2791,Hamidshaheshahin
2792,mmhv1992
2793,hamidhrz
2794,hakim4005k
2795,Mhahmadi_110
2796,Shimarik
2797,Hojat4384
2798,holdennn
2799,homayonshahlairahnama
2800,HiddenX
2801,HSD012
2802,Hosein_AmiriKooshki
2803,Haerehoslne
2804,soleimani72
2805,HRadka
2806,H72sh
2807,HOSSEINJAMOSI1360
2808,SafiHamed
2809,Abcdef51
2810,hamedslg
2811,HAmidrez1355
2812,Hossein1124
2813,Hr_shirkhanlou
2814,mohsen97shiraz
2815,hassaneyn_ameri
2816,hamedazimzadeh60
2817,hossein3e
2818,heroasansor
2819,amiir_hgh
2820,Hamsamsir
2821,Haj1P
2822,Hadi9296
2823,Mohammad_hamraheAval
2824,hamidrezagalandi
2825,hossein_4230
2826,mohammadhoseinii
2827,hosenjam
2828,hoseinabdi34
2829,hamidhaghiighi
2830,H_ad1992
2831,Mohandes_hajihasan
2832,Hamid722
2833,Hasankhani11
2834,Hm200l
2835,MajlesiiiElevators
2836,amirno9
2837,AlirezaArabahmadi
2838,arameshsoud
2839,amir4786
2840,Artenus
2841,Alirezahero69
2842,Alieee222
2843,afrashte1374
2844,ArminAtashzaran
2845,AzarNovin_ANE
2846,AkbarA37
2847,Amirasadi_1989
2848,armanahmadi60
2849,amirhosein0085
2850,Ahmadvand1367
2851,Ahmadalipour
2852,Afshar6549
2853,alireza_ag12
2854,Arashyazdani90
2855,aflakseyr
2856,AlirezaChanged10
2857,Amirbanarr
2858,Sam159
2859,Saeedsajjad
2860,Saeed68shh
2861,Shayansadeghi32
2862,Siavash0912ss
2863,Amirspsp
2864,salarshabanpour
2865,Mortazavi_S_A
2866,Seldadesign
2867,ali_sadeghizadeh
2868,saeed62ma
2869,Sorooooshizadyar
2870,Seyyed_m2
2871,Alireza_slmt
2872,alione347
2873,maryam_mohmdpur
2874,Setare3235
2875,Sundanc
2876,Mahdi102424
2877,saghaeiali
2878,Shokranipuor
2879,Soleimanitraub1
2880,Shahram1344173
2881,SaeidMD
2882,SRF3FAGHANI
2883,saminpi
2884,sinakazemiofficial
2885,asansoud_sanat
2886,saeed9368sj
2887,asansayan
2888,Atarodi1209
2889,Saeidmelodii
2890,Shahbazi_sabet
2891,setaresoheil65
2892,slflef
2893,shirdel9
2894,sahand691
2895,saeed2beik
2896,mojtaba_69s
2897,shakiba7337
2898,aria_soud
2899,shayansteel47
2900,Sepid9945
2901,sadeqaslani
2902,SaeedNorouzi7
2903,Ss572595
2904,Ssss2595
2905,SetliftBazargani
2906,Abo_moslem
2907,Mohammad2212
2908,arashmoharamzade
2909,M057afa
2910,Mohammadnma
2911,mohsenrasoui
2912,Mas02
2913,Mostafa63saberi
2914,massoudamiri7578
2915,M5104943S
2916,MohammadSZN
2917,Mohabat8994
2918,mostafa34050
2919,mahdik61
2920,mohsensadr1989
2921,mesterman
2922,mayafz
2923,mehrdad1372molashahi
2924,Mrj1390
2925,Amiirrr_m
2926,MaliheMarandi
2927,mohebi_acc
2928,mr_MMDDir
2929,MOHAndesMOHA
2930,Mehran69khn
2931,mozhganalborzipour
2932,mohamadvasigh
2933,Mohammada200
2934,Moblemankarimii
2935,Mostafa1076
2936,mehdinickan
2937,MohammadMolaie
2938,asanbarbamzanjan
2939,MehdiRostami123
2940,mobin1987
2941,Mortaza_amini
2942,Mohaa60
2943,Maa1981
2944,Amk10
2945,Monamozhd
2946,Meysam1985M
2947,Arannnnnnnn
2948,Asansor_atminan
2949,aliakbar92144034
2950,aliaz0717
2951,ahaduniqueeeee
2952,Ahmadpiri1359
2953,amirtaha3010
2954,a8r8i2a0
2955,amirreza750020
2956,AliAtashnema
2957,AsansorAtiRun
2958,asansor2000
2959,Amir2639amir
2960,aalirezaa5972
2961,Asansor09189662637Mehran
2962,alierfani
2963,Alirezayekaveh
2964,amirep123
2965,Arfa1373
2966,abbas912
2967,alireza_ahmd
2968,amirtarhani
2969,Asansoorm
2970,Azarakhsh18661
2971,Azarabrahimi
2972,aminakhgari
2973,Amir332
2974,asghrii123
2975,amin676768
2976,Mojtaba_moghaniyan1356
2977,adelmansouri66
2978,mohamadrezaheydari1861370
2979,Arash2fan70
2980,milad_ahmadzade
2981,Mahdi65ft
2982,M244321
2983,Mpakari
2984,Mohsensoltani1433
2985,Allliiiiii7
2986,Mr_mohseni20
2987,Mohammad7NN
2988,Mmozaff
2989,MaysaKY
2990,mrzalz
2991,Amir61211
2992,Modafe315_69
2993,MehdiAbkar89
2994,Avarazm
2995,ASAD8956
2996,Moeid_as
2997,mahmodpore
2998,mtatlas
2999,mahdiramshini61
3000,Mmdanvry
3001,Majid_55r
3002,Mohammad_amini_021
3003,Mohamadsoroushm
3004,Maghsodi
3005,am1111234
3006,MOJi5005
3007,MILADAHMD
3008,ATA_Mashhad
3009,Aboozarmandegar
3010,Mizoon
3011,Mina137349
3012,Masoud_Ah2018
3013,Moh1711
3014,Mohammadhosein1648
3015,Asayeshran09213610019
3016,aA4352
3017,AmirArsalan1234
3018,amirXyX
3019,Amirhossienth
3020,aliahmadi32
3021,abcdefg110
3022,Aghanbarii
3023,AsemaanFaraaz
3024,Aliaziiziii
3025,Arashaskariaryagostar
3026,Aria5415
3027,Amiir9395
3028,Aliiiiiiii2
3029,avabahrami09109103926
3030,Avantgard1
3031,Alachikh
3032,A4362
3033,abbasi_AA
3034,abc1234554321
3035,amyaz20
3036,Aaaaaa657585
3037,akbari2021a
3038,Abazar20
3039,AloTasisatAdmin
3040,Alinorouzi_1994
3041,armin405at
3042,aliamini1988
3043,amir_afra35
3044,ARiii_alm
3045,amirka8
3046,AbolfazL0566
3047,Azita1359
3048,Mohammad1365Noormohammadi
3049,mahboubi1
3050,mohsenshah1360
3051,Majidrezaeee
3052,mohsen10927
3053,M0binn
3054,Mojtabashokouhi
3055,mohamadmohavelati
3056,MohammadAryana
3057,Mkaveh14
3058,Azindeeeecor
3059,Mojtaba_abdi
3060,manizhe_arab
3061,mohammad_mobile46
3062,Modern8stone
3063,maassemi
3064,Mahmr
3065,M162861
3066,Majid119
3067,Milad3iii3
3068,milad124r4
3069,armin_mhz0238
3070,mohseendarabi
3071,mohammddddddd
3072,amerianmansourrr
3073,Mhd1799
3074,mzmey
3075,Milad_mokhtariii
3076,Majidghozati
3077,ma4562
3078,mohamad_644
3079,Mohamadramezaniii
3080,masoudmotlaghh
3081,M_1985_M
3082,Morteza7220
3083,Mm31313m
3084,Mohammadbavandpur
3085,Mehdi_azmoodeh
3086,mohammadtaiii
3087,mehdiakhavan509
3088,mo_asadi
3089,Mazahery39
3090,alimoghni2000
3091,Merinum18
3092,Alimghdsi
3093,Moh3en_Akhavan
3094,markazromfasa1
3095,asansorrahnma2
3096,Aliaghaei97
3097,Amir_azizi1354
3098,Ali52m77
3099,Artatechgroup
3100,AmirT127
3101,A09129639719
3102,azizalimohamadi
3103,arvin2256
3104,Ahoora4030
3105,ara2021
3106,abolfazl11758
3107,Azarmi79
3108,ATA_00
3109,Arash_19752000
3110,alishariati266
3111,AbbA855
3112,Asansorrshaygan
3113,Afshar103
3114,Amirrezaa_Am
3115,Amirmohammadi25
3116,AMIRHOSEENTAKALLO
3117,Amir_72DL
3118,asansormehregan
3119,amirasadi6
3120,Asanbar026
3121,aftaab14
3122,Mahmodi1000
3123,ab_maary
3124,Mohsensani56
3125,mehdighetasvand
3126,Mohammadali7655218n
3127,Mardekhakiii
3128,as_ah_80
3129,Muhatr
3130,Mobina_ameri
3131,mohammadpepato
3132,Mirzasalehi
3133,MOSTAFA1030
3134,aliparsaala
3135,Askari_mahdi
3136,Mohsen_masoomi1
3137,mojtaba1452
3138,Morteza13793444
3139,Manotooo6
3140,mojtabaabdi631
3141,MORADIRAAD
3142,Mfrootan
3143,MohamadAzodi
3144,majidcyclist
3145,mahta_amirri
3146,Moosafeizi60
3147,asansorchy
3148,afshin_mesr2017
3149,milad7alivand
3150,Moh006ak
3151,MEDIAmontazer09120431861
3152,mostafa22970
3153,Mohammad63reza
3154,Mahdinaderpur
3155,AttariABRAJ
3156,masoudbayran
3157,mohamad_me68
3158,Mohammad_absspour
3159,Mahdir98
3160,Mohammad7127
3161,matinmzn
3162,mohamadmehdiiiiii
3163,Meyssam1985
3164,mo1814
3165,mohammad5008
3166,MEHDI000666
3167,mehdigashmardi
3168,Adel_malaki
3169,M1299543
3170,Montafi
3171,Mehranescence
3172,Amanmarmazi
3173,Amoomehdi167
3174,Mahsa5600
3175,Mehdiayatollahy
3176,Azar890
3177,ali_ariana69
3178,Alirezariyahi1
3179,Ali_Aghaali_47
3180,Ahmad1371tak
3181,abolfazlCB1300
3182,Arashasefzadeh
3183,amhs2
3184,Azam_aminiii
3185,a_abooos
3186,Aliiafshari68
3187,Ali5495
3188,aboutalebansari69
3189,asadiarch
3190,alrrezaa
3191,aminsalehimis
3192,alirezaaat
3193,amirvejdani
3194,amirhosinbarani
3195,abbasmazidi
3196,Avayezandegi
3197,Adnanqasemi
3198,afshinplk
3199,Ahmad3328
3200,amirqrb
3201,ali123455
3202,amiresf3
3203,mmm637395
3204,Mehrdad671113
3205,M6767m
3206,a_m_66
3207,Mr_amini_m
3208,Montaba1
3209,maedeharvin
3210,mehrdadxiii13
3211,Masiha1330
3212,Mmmmm1387o
3213,Asadi1199
3214,Mohammadv1991
3215,MovahedMehrdad
3216,AmirZ1364
3217,mohsenhiradd
3218,Mohammadifarmahini
3219,Meli_asansor
3220,M1234bm
3221,mahshar1387
3222,Ahora4370
3223,Ali7579reza
3224,Abolfazl202000
3225,AmirKamalzadeh
3226,amiralavi72
3227,Alioaf
3228,Alinorouzi313
3229,arzn_art
3230,armooz
3231,asansoranahita34235856
3232,amir5314
3233,abbas_64nassari
3234,A09195655381
3235,Abozarhaghi
3236,aysaa12
3237,Asatelam
3238,asanhydrulicpv
3239,Asansorjlift
3240,atipanelhesabdari
3241,arian_asansor
3242,Asemanliftco
3243,Abuzar60
3244,Allolift_abdi
3245,aghapour2029
3246,AhmadrezaAsemani
3247,Aassas54
3248,asansadr
3249,ariyam09126143001
3250,Aghayifard
3251,Abbas_afzalan
3252,akbar1136
